[
    {
        "id": "18-37111-1",
        "sname": "Saniur Rahman "
    },
    {
        "id": "18-37111-1",
        "sname": "Saniur Rahman ",
        "password": "1234",
        "gender": "Male"
    },
    {
        "id": "18-37111-1",
        "sname": "Saniur  ",
        "password": "456",
        "gender": "Male",
        "gmail": "sakib@gmail.com"
    },
    {
        "id": "18-37111-1",
        "sname": "Saniur  ",
        "password": "5678",
        "gender": "Male",
        "gmail": "sakib@gmail.com",
        "address": "Pabna"
    },
    {
        "id": "18-37111-1",
        "sname": "Saniur  ",
        "password": "6789",
        "gender": "Male",
        "gmail": "saniur@gmail.com",
        "address": "Barisal"
    },
    {
        "id": "18-37111-1",
        "sname": "Saniur Rahman ",
        "password": "43t5y53tef",
        "gender": "Male",
        "gmail": "saniur@gmail.com",
        "address": "vfngfn"
    },
    {
        "id": "314",
        "sname": "Ripon",
        "password": "3t46y5",
        "gender": "Male",
        "gmail": "ripon@gmail.com",
        "address": "Dhaka"
    },
    {
        "id": "28616",
        "sname": "pappu saha",
        "password": "e32543er56",
        "gender": "Male",
        "gmail": "pappu@gmail.com",
        "address": "Dhaka"
    },
    {
        "id": "3534",
        "sname": "zisan",
        "password": "43ttgth",
        "gender": "Male",
        "gmail": "zisan@gmail.com",
        "address": "Sylhet"
    },
    {
        "id": "2143",
        "sname": "Saniur Rahman ",
        "password": "43656",
        "gender": "Male",
        "gmail": "saniur@gmail.com",
        "address": "Rangpur"
    },
    {
        "id": "356",
        "sname": "sakib",
        "password": "123",
        "gender": "Male",
        "gmail": "sakib@gmail.com",
        "address": "treyjrt"
    },
    {
        "id": "567",
        "sname": "shakil",
        "password": "53546",
        "gender": "Male",
        "gmail": "shakil@gmail.com",
        "address": "Dhaka"
    },
    {
        "sname": "Saniur Rahman ",
        "email": "saniur.rahman9785@gmail.com",
        "mobile": "01773759885",
        "gender": "male"
    },
    {
        "sname": "Saniur  ",
        "email": "saniur.rahman9785@gmail.com",
        "mobile": "01773759885",
        "gender": "male"
    },
    {
        "sname": "Saniur  ",
        "email": "saniur.rahman9785@gmail.com",
        "mobile": "01773759885",
        "gender": "male"
    },
    {
        "sname": "anik",
        "email": "anik@gmail.com",
        "mobile": "0187317869",
        "gender": "male"
    }
]